hiring_company,get_time,get_url,site_name
Texas Endovascular Associates,"Mar 22, 2022","https://www.glassdoor.com/job-listing/physician-assistant-pa-office-based-endovascular-clinic-texas-endovascular-associates-JV_IC1140134_KO0,55_KE56,85.htm?jl=1007733819573",glassdoor
"Riteks, Inc.","Mar 27, 2022","https://www.glassdoor.com/job-listing/lab-specialist-riteks-inc-JV_IC1140171_KO0,14_KE15,25.htm?jl=1007598311280",glassdoor
Gemini,"Mar 09, 2022","https://www.glassdoor.com/job-listing/dental-lab-assistant-gemini-JV_IC1140171_KO0,20_KE21,27.htm?jl=1007702063076",glassdoor
Avance Biosciences Inc,"Mar 30, 2022","https://www.glassdoor.com/job-listing/molecular-biology-sr-lab-associate-avance-biosciences-inc-JV_IC1140171_KO0,34_KE35,57.htm?jl=1007752341974",glassdoor
Avance Biosciences Inc,"Mar 30, 2022","https://www.glassdoor.com/job-listing/molecular-biology-lab-associate-avance-biosciences-inc-JV_IC1140171_KO0,31_KE32,54.htm?jl=1007752316896",glassdoor
Legacy Community Health Services,"Mar 05, 2022","https://www.glassdoor.com/job-listing/care-team-assistant-bissonnet-clinic-legacy-community-health-services-JV_IC1140171_KO0,36_KE37,69.htm?jl=1007545389060",glassdoor
Legacy Community Health Services,"Mar 08, 2022","https://www.glassdoor.com/job-listing/medical-assistant-bissonnet-clinic-legacy-community-health-services-JV_IC1140171_KO0,34_KE35,67.htm?jl=1007700878159",glassdoor
Imanis Life Sciences,"Mar 28, 2022","https://www.glassdoor.com/job-listing/research-assistant-rochester-mn-imanis-life-sciences-JV_KO0,31_KE32,52.htm?jl=1007747446732",glassdoor
"High Roller Sand, LLC","Mar 24, 2022","https://www.glassdoor.com/job-listing/hrs-experienced-mining-lab-tech-kermit-tx-sand-plant-housing-supplied-high-roller-sand-llc-JV_KO0,69_KE70,90.htm?jl=1007739485331",glassdoor
Fusion Medical Staffing,"Mar 11, 2022","https://www.glassdoor.com/job-listing/cath-lab-tech-fusion-medical-staffing-JV_IC1140177_KO0,13_KE14,37.htm?jl=1007709485846",glassdoor
"Terracon Consultants, Inc.","Mar 04, 2022","https://www.glassdoor.com/job-listing/construction-materials-lab-technician-in-training-terracon-consultants-inc-JV_IC1140171_KO0,49_KE50,74.htm?jl=1007691031922",glassdoor
Natura PCR2,"Apr 01, 2022","https://www.glassdoor.com/job-listing/lab-quality-control-technician-natura-pcr2-JV_IC1140230_KO0,30_KE31,42.htm?jl=1007610797723",glassdoor
Ascend Staffing,"Mar 23, 2022","https://www.glassdoor.com/job-listing/lab-technician-ascend-staffing-JV_IC1140211_KO0,14_KE15,30.htm?jl=1007736403238",glassdoor
Kelly,"Mar 15, 2022","https://www.glassdoor.com/job-listing/research-lab-technician-northwest-houston-tx-kelly-JV_IC1140171_KO0,44_KE45,50.htm?jl=1007718608071",glassdoor
On-Board Companies,"Mar 21, 2022","https://www.glassdoor.com/job-listing/industrial-lab-technician-on-board-companies-JV_IC1140171_KO0,25_KE26,44.htm?jl=1007731192006",glassdoor
Kelly,"Mar 24, 2022","https://www.glassdoor.com/job-listing/biotechnology-laboratory-associates-nw-houston-kelly-JV_IC1140171_KO0,46_KE47,52.htm?jl=1007740731060",glassdoor
Smile Doctors,"Mar 21, 2022","https://www.glassdoor.com/job-listing/sterilization-and-lab-technician-smile-doctors-JV_IC1140177_KO0,32_KE33,46.htm?jl=1007730925545",glassdoor
ARC Healthcare LLC,"Apr 01, 2022","https://www.glassdoor.com/job-listing/medical-lab-technician-arc-healthcare-llc-JV_IC1140225_KO0,22_KE23,41.htm?jl=1007759447628",glassdoor
Elligo Health Research,"Mar 08, 2022","https://www.glassdoor.com/job-listing/clinical-research-assistant-katy-tx-elligo-health-research-JV_IC1140177_KO0,35_KE36,58.htm?jl=1007628266919",glassdoor
Ashburn Chemical Technologies,"Mar 25, 2022","https://www.glassdoor.com/job-listing/lab-technician-chemicals-ashburn-chemical-technologies-JV_IC1140171_KO0,24_KE25,54.htm?jl=1007741673241",glassdoor
Artemis DNA,"Mar 31, 2022","https://www.glassdoor.com/job-listing/laboratory-technician-cell-isolation-artemis-dna-JV_IC1140171_KO0,36_KE37,48.htm?jl=1007755292565",glassdoor
Eurofins,"Mar 24, 2022","https://www.glassdoor.com/job-listing/laboratory-technician-entry-level-eurofins-JV_IC1140223_KO0,33_KE34,42.htm?jl=1007591468470",glassdoor
Houston Methodist,"Mar 14, 2022","https://www.glassdoor.com/job-listing/medical-laboratory-assistant-i-full-time-10pm-to-6-30am-houston-methodist-JV_IC1140171_KO0,55_KE56,73.htm?jl=1007643158316",glassdoor
Spring Branch Community Health Center,"Mar 25, 2022","https://www.glassdoor.com/job-listing/medical-assistant-katy-clinic-spring-branch-community-health-center-JV_IC1140177_KO0,29_KE30,67.htm?jl=1007741637248",glassdoor
Genesis Medical Group,"Mar 29, 2022","https://www.glassdoor.com/job-listing/phlebotomist-lab-processor-spring-genesis-medical-group-JV_IC1140196_KO0,33_KE34,55.htm?jl=1007749205399",glassdoor
Kelsey-Seybold,"Mar 22, 2022","https://www.glassdoor.com/job-listing/laboratory-assistant-processor-laboratory-services-kelsey-seybold-JV_IC1140171_KO0,50_KE51,65.htm?jl=1007319960795",glassdoor
Bureau Veritas,"Mar 10, 2022","https://www.glassdoor.com/job-listing/lab-technician-entry-level-bureau-veritas-JV_IC1140223_KO0,26_KE27,41.htm?jl=1007706337838",glassdoor
Cabot Microelectronics,"Mar 30, 2022","https://www.glassdoor.com/job-listing/associate-lab-technician-cabot-microelectronics-JV_IC1140207_KO0,24_KE25,47.htm?jl=1007751914074",glassdoor
Seal for Life Industries,"Mar 23, 2022","https://www.glassdoor.com/job-listing/lab-technician-seal-for-life-industries-JV_IC1140171_KO0,14_KE15,39.htm?jl=1007736819541",glassdoor
St. Luke's Health - The Vintage Hospital,"Mar 22, 2022","https://www.glassdoor.com/job-listing/medical-lab-technician-st-luke-s-health-the-vintage-hospital-JV_IC1140171_KO0,22_KE23,60.htm?jl=1007523816158",glassdoor
NORTHWEST NURSE PRACTITIONERS,yesterday,https://www.ziprecruiter.com/k/l/AAJNp-J1cvO6zVpuEbr4GMvdp-w_k49WAsfTBvFtckSBCwTnrnKfbNyk7M1ceHmBhUl33nKl8y60Br715dB-LpBskOlofd7mbGevQT-BX7UpoKCTTK7ngD9CGF80kPkNXN16QoaTg3hBMUtQH9SI_9k2YvagUO-ZOAjaluTQ91sn-sFS8RwYiPiT-gvL66c,ziprecruiter
Highline Warren,3 hours ago,https://www.ziprecruiter.com/k/l/AALMkqNgP1BpvIm_041dCplfNolM7YvtLcyOzzjQKWdOt7697p6mdPO_dIjiAJF_IxCVYqCtm-FoOgh1jp33iG-2QNDvAoMsSSlF9jgeq9-eo2TXCnwTxxAX2DB8fCqXFeUxxVmbI7nHlVPeIwToUA3dWxH5Qfbhn5M6AapbFhekkIOFj1RucFTsZJDpbOY,ziprecruiter
On-Board Companies,20 hours ago,https://www.ziprecruiter.com/k/l/AALNkfKCPJhoMSfTjswnVqwbb1iDX2Govui1WxRQolSXC0SP4ifN_MUDbi_s4Xxf5OHBdYVeaWs7kVfUDQSG6c-lWNRuO9QSf8fxJtwHiXUOjQwSJRanKNzssF_DsCap7Vj7QdWZgEPaL9Xo919r1fTSvuYBnzdgXGXWYBdEQnkZbeJIPnOquH09F9uwLVE,ziprecruiter
A-Line Staffing Solutions,4 hours ago,https://www.ziprecruiter.com/k/l/AAJqxQUIqpWkwFyglW1W5k1l1Qo-r-V7dzWk6uUp8DECRv_c6n6QJSJYCMAO5b2lYNK-vQeZo4UXLXtaXnNwaIDh2BebbsGdm2Kp1HMMaAYvERlaD72D2SogpfizaCdVAzN79M-P-kuYi7uwru9A3CtegxvLBCG-hH_LXw1XH_g_MEpdqm7fB8gHf1MHeqc,ziprecruiter
Memorial Hermann Health System,yesterday,https://www.ziprecruiter.com/ek/l/AAIWEBG1ePK_KgypwGGrmVnnbfgk1p6FBslQi9AHFrpe6eYV7WSgSCNQGztgMGnMVpxtsW3l8nMCn2MRnkOIbJmHG-Axpami3ZtSKPp7_wVYko2Llz1QXCkGA2TeP0No5ncPlnWN2YWTuJSGzGpgyJq1PlJj3dUSZ7rLFiNSYKfuA1eCw7DbSJQPGEn3xpY,ziprecruiter
Favorite Healthcare Staffing,yesterday,https://www.ziprecruiter.com/k/l/AAKCN3phA6hIGohXsdfdHcQ4ZsQcHahgly6_WhFO64t6MXRWkSyPrTJFMWxjCrLRIMlk2FZ054nhzf6aL-TZqCkAJx5z_V9MQhfunQ9AdQGJ6KlOiE2BwpYE1nPNUXvF_7PbYSe0I67f9WJTd3wUTcj-grEAZnWf9mCpNmqmIUMk3sixgYYjirAo1-x4d9E,ziprecruiter
Texas Children's Hospital,2 days ago,https://www.ziprecruiter.com/k/l/AAKgFiUDtEdYTo5RlnMsEHpCnBwLJGHgEpybs5s9t9pjlzs06sEXBDuGFqNw6vNpXvHUD1feAhIqYfYSOJ58ypW4zIgBuD6m0U4WY4gmlerFqVnIEsHkgo8jMzKCRGOQ8LYCHSM1GZfmG2UG3UbLqmQG9mapQWrZI0wZdJ-B9n32j5o1mIh5XuMnqkmthwM,ziprecruiter
Huntsman,2 days ago,https://www.ziprecruiter.com/k/l/AAJf3D4R24mnhIe6iS3uysgj2qyWgRC8fkuXIYCl6U3705uwPvdfWbjbAuZZpASzMP8mLwXUTAcwj1cyn5MzgQdwdNbNTWeSY5usz8RAcNVEgkI_QOEXcCG_HaJv62gCQuUjnXQCRQVMhyUXaeIz9T95tA3cWm2B4NElIjLj9jrWEa5v_P7bqu4TxWwIDh0,ziprecruiter
Valvoline,yesterday,https://www.ziprecruiter.com/ek/l/AAIWiGdc6zkpfPwFEnGZr_ER_j1OEICCYH59iC7sQZFDlHT3pE8f8POVT1JClemznnEQMn7ek3Geg2uYNIBLEm2r0JOn34f4sYiwwiUTpIv8WLHhHb7ss5mw_by1vkcgdFWDuAIwe9t24XlOr9rnCXyONVsvpdNi1lsSZGWea3kNq3tPw6xxDWn121w54VA,ziprecruiter
MD Anderson,2 days ago,https://www.ziprecruiter.com/k/l/AAI8iByVvBG6qEGS8NCt95JmM5olVX3TYxMAx4kl1o7uYyXTtfTBXujf0B_B1TxLEYyFXi_c4_csskmKaaZq9jt13B9rXsgyyo5QmWM0-Rp2VoYY9mMk1LQ0_bT9mi0EhE3r30nPoyX7Qval67F19Gv0a-vmr7ZjGPsEwLBD6NhcenVhoLIgOwBPhpnLoAfg,ziprecruiter
MD Anderson,2 days ago,https://www.ziprecruiter.com/k/l/AAJfHdQIlwxxR5UiyhZVwKe44nriFP9yPXN8m3JTUreGdU3zaM-uD2xxjs4ttlTjKvAiDvQtrCDgjTHAJ4hbhhI_5UayGkV14-m_5lMNfd2UPTu4gVmDlCg7JKWbrTyBQ56rY0gNQr33HA7gLfKNG_eYiw0oZRlGo-WE2pieU7nz-fhhCkRhxWAUbPHXAAgo,ziprecruiter
Houston Methodist,2 days ago,https://www.ziprecruiter.com/k/l/AAKe9fp41YRyzh09IAjpQONSEhYtmjRWmpFQMC86-IPkWqVOQyO6gqDDXkFgEwMgvHNnppcDIp695QNoFWBIglK2r10TSTW0jlIM01yc6YSVEvKbtBqNKn97bvt6hC01FlTfhei4dNdSU7vMRZ0AhbtSl8DAYfkYwairJurM8-W2tVV4BHJUq25Ey0oKxhzX,ziprecruiter
Valvoline,yesterday,https://www.ziprecruiter.com/ek/l/AAJMtpYbMGkOTExgJFmDznwRojcVfzQCvUe6lwu_gO_Mq94fGBRRUGSiBujkypxHcJP3Nw98fjwMeYyx2oa0c3zyi-xzsWeld_yrPCHA4VudC5_Bn0CxyXurDyKJIW1XBZJg8Yf-AS4obU6FVyXL339RsQO5pUv7-gLAJx7MfrCBEXU0JjKvWTlVBXpPPUwS,ziprecruiter
Dignity Health,yesterday,https://www.ziprecruiter.com/k/l/AAJgPvi6bX5AoUPhFbcf-S4_8xIxFK75DGTpIE0rIF8M6mFvhdkQLPuPKDtbfDnaKU5kQ1YosO-vsAZ_45XZh4NFSlIdOg49qCqJ5JiNLPAseZupFGWJBxz64sy_XjeO382j53QMY-CDJ01X95UINbG_PApFOmvSKmrbm-MPAZb8NO1xuA34vC-9do_7N6Sk,ziprecruiter
Baylor St. Luke's Medical Center,yesterday,https://www.ziprecruiter.com/k/l/AALpr-fzZKuB8rV7KJ6I-mbIvXV-kwFcOYf5_iEwozgVhwozSGIN_F_jEoqblSg0K541Nmci5fP5QHJOKFds8GPikOzME9mf0RYezf11s4EjayeDpuJly5y913Fz10y6w7z5enPHNwO6zBtvAGwmeY9PwMbeANwaJXbjJ2j6pVz84JfguPoBhrftceAsSrLH,ziprecruiter
UT Health at Houston,yesterday,https://www.ziprecruiter.com/k/l/AAIYxWsz1b-_0iP4ixOmaq5C7_DeigS4Hn_dcwfdMgEuJah_ONnT75jHE3nczgaO1EQb7Ef9Ot6pQRIVoRpZla9HCtgvfgFNR9XCHKiLPp8G78mUjwUhYUTnsQEdD_Dx_J6MZLmsmliEX3S3LlCProAcwkG2C1VtXvRDQExdk-vGSXhRxfwn43um2RfTZFiB,ziprecruiter
UTHealth,yesterday,https://www.ziprecruiter.com/k/l/AAL9o_8XDn22_i-5NgUMWPuRt6ND10yQRRBXxv1QoeQn2Dap0qgPZceQqQSq7wvFiRWiwu5iPycp1553TZj9QR-tZ-mleKjRxNNQ0vufUExegXmIeB2wsmgWVOqPW4lViPVWs1iWywySxYoY__9-u69-b9pF0AV4vxTAsONKKJjGlJBBexhaQa99QF-Zs6xX,ziprecruiter
Lakewood Regional Medical Center,yesterday,https://www.ziprecruiter.com/k/l/AALHpDkeDcp30Qlgm4kSbqxx6xzDNO5Ba1iSjVacIm8azB9RCtPEXwNAL6Y2qfH51UMta_5zkJi80MjLN8EavcpdWxU_izJ8u3BoTjCYiqCnhFtbfmTw3Dd14DYCGJTR3ppaxLUuXklLXzNo2OuFtPRioQoVCNqkpH27SXRAQxI6hjO1tk35VtviRtZf0kK-,ziprecruiter
Carondelet Health Network,yesterday,https://www.ziprecruiter.com/k/l/AAJAm8m9S1qCCBdzD3v9byQk61jyi8R1x8wxuQJJwb6fwzHIKZeDpxVHYTcWE5olbSIiAGKfkMHpmUY72YUbPFUCU15QSLRmXuEXkv7iFxYr1uuQMk7r2WWkjGtWoMHXxwEih4Bz4lihO_fGLu21QK6v1ELETiU4eR2R16lRx6AGN7d1hYItuz5bLE2Nd6Ct,ziprecruiter
Coast Healthcare Management,yesterday,https://www.ziprecruiter.com/k/l/AAIyhmhy-qksnPSOtGa_wC0zlWVH-VCbjaqxsxygUSqgdLOH8B43L75K07JYQKpSd_aP0J0bBEyYhqlQMxxNk7_cr8ZWgL2k3RwvvhDmTo5UltK_5gZNn7KJyR7mghmnZL5-U28oBEFIVc38qSJi8HFI3e_9d2Q8IpczaaKAuuVha0s7LBZDvPoIuC5HZKRn,ziprecruiter
